{"initial_reset_timestamp": 1616939702.0147192, "timestamps": [1616939712.1189265, 1616939768.549373], "episode_lengths": [44, 263], "episode_rewards": [-69.0, 258.0], "episode_types": ["t", "t", "t"]}